input,target
тилеймин,тілеймін
табигат,табиғат
апатынын,апатының
зардаптарын,зардаптарын
жоюга,жоюға
деп,деп
айтындаршы,айтыңдаршы
шоп,шөп
комек,көмек
сонда,сонда
шаруаларын,шаруаларың
бара,бара
жатыр,жатыр
еркеги,еркегі
де,де
сондай,сондай
адеттерин,әдеттерің
бар,бар
екенин,екенін
сыртында,сыртында
бори,бөрі
жалгыз,жалғыз
анам,анам
акшасы,ақшасы
тукке,түкке
жетпейды,жетпейді
укиметтен,үкіметтен
уй,үй
жардем,жәрдем
аяк,аяқ
астында,астында
деген,деген
созди,сөзді
керегы,керегі
тапканын,тапқанын
аш,аш
болсан,болсаң
карамайды,қарамайды
саган,саған
сол,сол
найманын,найманың
каристер,кәрістер
сиякты,сияқты
ар,әр
iстi,істі
аркалай,әрқалай
карау,қарау
керексiздер,керексіздер
шаш,шаш
ал,ал
десе,десе
бас,бас
ала,ала
бермей,бермей
баленбай,бәленбай
жыл,жыл
жеримиз,жеріміз
аман,аман
болады,болады
багытталган,бағытталған
кунин,күнін
тойлаймыз,тойлаймыз
гой,ғой
курметине,құрметіне
миндетти,міндетті
турде,түрде
ресейди,ресейді
косамыз,қосамыз
онсыз,онсыз
тамактан,тамақтан
ас,ас
корсетпей,көрсетпей
отпейди,өтпейді
анык,анық
полиция,полиция
кызметкерлеринин,қызметкерлерінің
катысы,қатысы
казакша,қазақша
ойлеп,сөйлеп
алсын,алсын
арине,әрине
соны,соны
блем,білемін
адам,адам
баласынын,баласының
бир,бір
кундик,күндік
омири,өмірі
ушин,үшін
сананын,сананың
томендигинен,төмендігінен
табигатка,табиғатқа
келтирер,келтірер
жауыздыгы,жауыздығы
олшеусиз,өлшеусіз
сезымге,сезімге
берыледы,беріледі
аягы,аяғы
оте,өте
дурыс,дұрыс
жагын,жағын
пал,пал
ашып,ашып
билип,біліп
аламыз,аламыз
еды,еді
онын,оның
орнында,орнында
мына,мына
макалада,мақалада
баска,басқа
кунде,күнде
жузбаева,жүзбаева
кутылып,құтылып
орнына,орнына
барып,барып
тиркету,тіркету
керек,керек
ол,ол
кандай,қандай
назик,нәзік
азамат,азамат
агасы,ағасы
биз,біз
зарлы,зарлы
хаттарын,хаттарың
не,не
жумактан,жұмақтан
орын,орын
алам,аламын
дамеленип,дәмеленіп
болып,болып
айели,әйелі
калгандарынын,қалғандарының
бари,бәрі
периште,періште
болды,болды
ма,ма
неге,неге
ози,өзі
шырылдап,шырылдап
тур,тұр
жургеннен,жүргеннен
жауып,жауып
жамылып,жамылып
журген,жүрген
əйелдеры,әйелдері
быр,бір
бырын,бірін
жамандап,жамандап
туа,туа
алмай,алмай
ауылды,ауылды
жерде,жерде
жылкы,жылқы
сиыр,сиыр
урлыгына,ұрлығына
полициянын,полицияның
катысуымен,қатысуымен
котерледы,көтеріледі
арабтарга,арабтарға
отырсын,отырсың
тек,тек
кинодан,кинодан
коретин,көретін
ек,едік
мынау,мынау
адамдар,адамдар
жок,жоқ
болгасын,болғасын
жинаган,жинаған
жанды,жанды
ер,ер
окка,оққа
ушып,ұшып
бакилык,бақилық
болган,болған
болмайма,болмай
жумактын,жұмақтың
есиги,есігі
болсын,болсын
бакытты,бақытты
гумыр,ғұмыр
берсин,берсін
аллам,аллам
бiздi,бізді
орыс,орыс
айдап,айдап
кету,кету
тенын,теңің
журмейсын,жүрмейсің
ерке,ерке
ешкашан,ешқашан
биздин,біздің
казактын,қазақтың
усталды,ұсталды
жазылган,жазылған
боларын,боларын
былмид,білмейді
бакыты,бақытты
бол,бол
алланын,алланың
шоу,шоу
сени,сені
найман,найман
отсындарго,отырсыңдар
отирик,өтірік
кыздарын,қыздарың
кошеде,көшеде
коз,көз
жаска,жасқа
кетерин,кетерін
сизди,сізді
мактаныш,мақтаныш
турсынбек,тұрсынбек
намыстарын,намыстарың
билеик,білейік
мейли,мейлі
алынган,алынған
акшаны,ақшаны
иесине,иесіне
кайтаруга,қайтаруға
тастап,тастап
кететинин,кететінін
келген,келген
адамды,адамды
отыргызган,отырғызған
беретин,беретін
котин,көтін
дал,дәл
бул,бұл
тунде,түнде
жыртылган,жыртылған
шыгар,шығар
журт,жұрт
тынышта,тынышта
айлык,айлық
алады,алады
акем,әкемнің
шыгуы,шығуы
да,да
киындап,қиындап
анши,әнші
тиести,тиісті
адамда,адам
ишпей,ішпей
жемей,жемей
шынымен,шынымен
ким,кім
биледи,біледі
негизи,негізі
ту,ту
желден,желден
катты,қатты
ия,иә
татар,татар
кызына,қызына
табынатындай,табынатындай
жагдай,жағдай
жыртылады,жыртылады
екен,екен
астынан,астынан
шыгарсаншы,шығарсаңшы
келешекте,келешекте
болдырмауга,болдырмауға
накты,нақты
шаралар,шаралар
кабылдау,қабылдау
кажет,қажет
билемин,білемін
жумыстан,жұмыстан
шыгарып,шығарып
жибереди,жібереді
коркасындар,қорқасыңдар
дым,дым
пайдасы,пайдасы
таркатып,тарқатып
арбир,әрбір
ме,ме
коркады,қорқады
улттык,ұлттық
улан,ұлан
басшылыгы,басшылығы
кылып,қылып
жiберген,жіберген
ресей,ресей
кауiптi,қауіпті
астананын,астананың
туган,туған
куни,күні
койып,қойып
ар,ар
жагында,жағында
кылтиып,қылтиып
турган,тұрған
нур,нұр
атамыздын,атамыздың
алуга,алуға
калай,қалай
дати,дәті
алтын,алтын
киеси,киесі
атсын,атсын
онбайды,оңбайды
байкус,байғұс
тук,түк
кормеген,көрмеген
бейшара,бейшара
улыт,ұлт
кудай,құдай
быледы,біледі
тагы,тағы
кымды,кімді
олтырып,өлтіріп
ертен,ертең
тексермесе,тексермесе
отрикке,өтірігіне
аптен,әбден
етимиз,етіміз
кара,қара
халыкты,халықты
кан,қан
каксату,қақсату
кетип,кетіп
кейнги,кейінгі
табыс,табыс
кози,көзі
тургындарынын,тұрғындарының
барады,барады
несие,несие
мандай,маңдай
терi,тері
гой,ғой
озбекстанда,өзбекстанда
дуниеге,дүниеге
озинин,өзінің
исине,ісіне
заны,заңы
атын,атын
былгауды,былғауды
кашан,қашан
кудайымау,құдайымау
болса,болса
бастык,бастық
ананын,ананың
коп,көп
сен,сен
куат,қуат
найманмен,найманмен
шыкшы,шықшы
колына,қолыңа
киип,киіп
ап,алып
урпактан,ұрпақтан
урпакка,ұрпаққа
калады,қалады
сепсе,сепсе
калмаиды,қалмайды
канша,қанша
кылмыс,қылмыс
ма,ме
алде,әлде
кытай,қытай
тикелей,тікелей
кадагалаганы,қадағалаған
нан,нан
тауып,тауып
отыр,отыр
кеттыгой,кетті
екенсин,екенсің
оны,оны
тигуге,тігуге
болмайды,болмайды
занга,заңға
кайшы,қайшы
жанасы,жаңасы
заман,заман
алла,алла
жар,жар
биреудин,біреудің
ак,ақ
адал,адал
мынаны,мынаны
кормей,көрмей
калмасын,қалмасын
куйеу,күйеу
болип,бөліп
берип,беріп
жатырма,жатыр
не,ма
тапканын,не
аш,тапқанын
болсан,аш
карамайды,болсаң
депутаттарды,депутаттарды
коспайды,қоспайды
кым,кім
соккыга,соққыға
соттар,соттар
куады,қуады
таза,таза
айтсан,айтсаң
айтты,айтты
дейды,дейді
кайта,қайта
мыкты,мықты
еразаматтарынын,еразаматтарының
жанжагына,жанжағына
кой,қой
електейсиндер,еліктейсіңдер
жауап,жауап
орасын,орасың
шенеуниктердин,шенеуніктердің
шыгарган,шығарған
казахтар,қазақтар
казактар,қазақтар
тускен,түскен
шыгарсын,шығарсың
сенде,сенде
ана,ана
озбектин,өзбектің
тойы,тойы
мен,мен
басты,басты
жаналыктарды,жаңалықтарды
токтатпай,тоқтатпай
окып,оқып
отырамыз,отырамыз
ит,ит
кылгандары,қылғандары
жыртып,жыртып
ба,ба
куаныш,қуаныш
султановты,сұлтановты
колына,қолын
кысып,қысып
бирде,ма
бир,бірдебір
адамы,адамы
тарихта,тарихта
билмейтинимиз,білмейтініміз
каншама,қаншама
санасы,санасы
динмен,дінмен
устаимыз,етеміз
саны,саны
сапасы,сапасы
уйлер,үйлер
колык,көлік
коясындар,қоясыңдар
жол,жол
салмай,салмай
болмаса,болмаса
ауыл,ауыл
барине,бәріне
колик,көлік
болуы,болуы
истериниз,істеріңіз
баянды,баянды
баланды,балаңды
обал,обал
бары,бәрі
уакытша,уақытша
салынып,салынып
дереу,дереу
жибек,жібек
жолынан,жолынан
жумысты,жұмысты
дайын,дайын
жигитке,жігітке
турмыска,тұрмысқа
шыгып,шығып
одан,одан
еркексыз,еркексіз
артынан,артынан
кесед,кеседі
жəне,жəне
емес,емес
кымбат,қымбат
жылына,жылына
биреу,біреу
атып,атып
согысатын,соғысатын
бай,бай
издеп,іздеп
салганы,салғаны
ел,ел
жаны,жаны
отырган,отырған
боп,болып
алмайды,алмайды
макпал,мақпал
кок,көк
жер,жер
бола,бола
басталса,басталса
кусап,ұқсап
отирик,өтірік
болып,болып
жынды,жынды
бесеуинин,бесеуінің
турмеден,түрмеден
жаксы,жақсы
сендер,сендер
жаткан,жатқан
уятак,ұятақ
жанбыр,жанбыр
асып,асып
кеткендерды,кеткендерді
ужаткан,жатырған
расында,расында
кеиде,кейде
устап,ұстап
жетектеп,жетектеп
апарып,апарып
жок,жоқ
барып,барып
жатырган,жатырған
еси,есі
дурыс,дұрыс
жынды,жынды
емес,емес
озинин,өзінің
исине,ісіне
жауап,жауап
беретин,беретін
адамдар,адамдар
барып,барып
жатыр,жатыр
арким,әркім
ушырып,ұшырып
аларсын,аларсың
ашхабат,ашхабат
салыстыруга,салыстыруға
келмейт,келмейді
карыз,қарыз
алып,алып
басы,басы
тарапынан,тараптарыңыздан
улангандар,уланғандар
быр,бір
берсын,берсін
жигитимен,жігітімен
конил,көңіл
кол,қол
сабак,сабақ
гана,ғана
cаттилик,сәттілік
мундайды,мұндайды
каитеди,қайтеді
кигендер,кигендер
баргандарды,барғандарды
ащы,ащы
шындыкты,шындықты
дегендей,дегендей
арты,арты
халыкка,халыққа
уиренип,үйреніп
алды,алды
колайсыз,қолайсыз
казак,қазақ
ерси,ерсі
мынанын,мынаның
жазып,жазып
отыргандар,отырғандар
апаига,апайға
керемет,керемет
тиккенин,тіккенін
тиге,тіге
жансугировка,жансүгіровке
кимге,кімге
бала,бала
азабы,азабы
куралаи,куралаи
жолда,жолда
болу,болу
сайкес,сәйкес
келмей,келмей
тыныш,тыныш
таптырмас,таптырмас
кайда,қайда
жатканда,жатқанда
демей,демей
орындалганын,орындалғанын
согыс,соғыс
алаукатты,әлауқаты
ости,өсті
омирге,өмірге
куштарлык,құштарлық
пайда,пайда
еси,есі
сактасын,сақтасын
осы,осы
киси,кісі
сорлы,сорлы
сабыр,сабыр
отбасына,отбасына
еркек,еркек
экспога,экспоға
апару,апару
жаман,жаман
осындай,осындай
батыр,батыр
жигиттеримиз,жігіттеріміз
ауру,ауру
болуга,болуға
татымас,татымас
тусинбеймин,түсінбеймін
сын,сын
аиткан,айтқан
адаммен,адаммен
салгыласып,салғыласып
отырмаи,отырмай
халык,халық
алдында,алдында
айтады,айтады
жаспен,жаспен
берилген,берілген
акша,ақша
ислам,ислам
тарихын,тарихын
кориниздер,көріңіздер
мын,мың
тенгени,теңгені
колынан,қолынан
келсе,келсе
создерди,сөздерді
коятын,қоятын
буырсын,бұйырсын
жигитимен,жігітімен
табылатындар,табылатындар
адамдарды,адамдарды
аитам,айтам
сияктылардан,сияқтылардан
мунайдан,мұнайдан
неси,несі
онбаган,оңбаған
билгениниз,білгеніңіз
абзал,абзал
жолы,жолы
тенгемен,теңгемен
бирдей,бірдей
бастысы,бастысы
аллахтан,алладан
коркса,қорықса
жанат,жанат
куды,қуды
жазылу,жазылу
нашар,нашар
бизден,бізден
салсын,салсын
баримизге,бәрімізге
жоктар,жоқтар
булар,бұлар
айтпасан,айтпасаң
курыстырып,құрыстырып
булардын,бұлардың
типти,тіпті
таластырып,таластырып
нен,нең
байланыс,байланыс
деме,деме
кезде,кезде
каптап,қаптап
рахатын,рахатын
корип,көріп
некеге,некеге
отыру,отыру
ойлаймын,ойлаймын
рахмет,рақмет
биреуде,біреуде
кеширмейди,кешірмейді
сактай,сақтай
абден,әбден
отбасымыз,отбасымыз
аллага,аллаға
берилсин,берілсін
жыгатытын,жығатытын
сасыктар,сасықтар
ексен,ексең
жасап,жасап
азилге,әзілге
тапсын,тапсын
əбден,әбден
жур,жүр
дейды,дейді
казыр,қазір
бырге,бірге
алса,алса
жесырлерды,жесірлерді
куштеп,күштеп
карындас,қарындас
айтып,айтып
бауы,бауы
берик,берік
балалы,балалы
жане,және
жапкыш,жапқыш
амал,амал
кешырып,кешіріп
турып,тұрып
жатырмын,жатырмын
тойлайтынбыз,тойлайтынбыз
озбектердики,өзбектердікі
озы,өзі
жылы,жылы
актауда,ақтауда
астана,астана
оз,өз
кыздарын,қыздарың
кошеде,көшеде
котин,көтін
ашып,ашып
жургеннен,жүргеннен
жауып,жауып
жамылып,жамылып
журген,жүрген
жаксы,жақсы
сендер,сендер
сиякты,сияқты
сасыктар,сасықтар
тусинбиди,түсінбейді
бирак,бірақ
сандугаш,сандуғаш
апке,әпке
журмин,жүрмін
той,той
данияр,данияр
бизде,бізде
оте,өтe
кушти,күшті
бага,баға
катты,қатты
унады,ұнады
шыкты,шықты
маган,маған
ари,әрі
уакытылы,уақытылы
жеткизди,жеткізді
отиниш,өтініш
бурынгы,бұрынғы
касыби,кәсіби
билим,білім
жумыс,жұмыс
жасайды,жасайды
унемы,үнемі
ауыстырып,ауыстырып
турамын,тұрамын
асер,әсер
итальяндык,итальяндық
бул,бұл
барлык,барлық
унайды,ұнайды
озиме,өзіме
унайтыны,ұнайтыны
ишкен,ішкен
кимге,кімге
калауым,қалауым
болган,болған
устинде,үстінде
журмиз,жүрміз
тасып,тасып
журуге,жүруге
ынгайлы,ыңғайлы
ризамын,ризамын
иштеры,іштері
катындар,қатындар
екен,екен
жумыска,жұмысқа
соз,сөз
багдарлама,бағдарлама
асиресе,əсіресе
куран,құран
арыктагым,арықтағым
келеды,келеді
укыпты,ұқыпты
оралган,оралған
иысы,иісі
барин,бәрін
менин,менің
кызым,қызым
окырдын,оқырдың
алдында,алдында
азан,азан
тындау,тыңдау
мумкиндигинен,мүмкіндігінен
аламыз,аламыз
аллага,аллаға
мын,мың
шукир,шүкір
сумдык,сұмдық
мынаунын,мынауың
тегин,тегін
емес,емес
типти,тіпті
тукте,түкте
ыстей,істей
алмайсын,алмайсың
маскарамасқара,
керысынше,керісінше
сапалы,сапалы
коринип,көрініп
кенес,кеңес
беремын,беремін
тазалайды,тазалайды
килемды,кілемді
ойдагыдай,ойдағыдай
окуга,оқуға
болмайды,болмайды
кызык,қызық
деген,деген
сон,соң
есыкке,есікке
ушин,үшін
мысыгы,мысығы
терезесын,терезесін
шагып,шағып
кир,кір
сосын,сосын
коретин,көретін
жерин,жерін
сонымен,сонымен
ашасын,ашасың
тұрады , тұрады
берген , берген
болды , болды
кушты , күшті
мен , мен
ойын , ойын
коширилип , көшіріліп
жатыр , жатыр
екенын , екенін
былемын , білемін
дамытты , дамытты
дегендерге , дегендерге
бастама , бастама
болмак , болмақ
сапалы , сапалы
сорады , сорады
жылдам , жылдам
алдым , алдым
елорданын , елорданың
себебы , себебі
ыши , іші
казакша , қазақша
адамды , адамды
намазга , намазға
тартады , тартады
заттарды , заттарды
уйренесын , үйренесін
ен , ең
жаманы , жаманы
сенде , сенде
мыкты , мықты
ауыстырам , ауыстырам
десен , десең
коне , көне
ауысады , ауысады
акша , ақша
алатын , алатын
ауыстырайык , ауыстырайық
айтсан , айтсаң
бетты, бетті
кышытпайды , қышытпайды
женыл , жеңіл
кышкентай , кішкентай
кезымнен , кезімнен
жагынан , жағынан
шыны , шыңы
үндыстанда , үндістанда
орналаскан , орналасқан
китайда , қытайда
досынмен , досыңмен
болудын , бөлудің
кажеты , қажеті
алде , әлде
мемлекет , мемлекет
каражатын , қаражатын
таражга , таражға
салу , салу
торт , төрт
жазсаныз , жазсаңыз
жалыкпайсыз , жалықпайсыз
куш , күш
жанартуды , жаңартуды
сурай , сұрай
салеметсызбе , сәлеметсізбе
сыздын , сіздің
осындай , осындай
когамдык , қоғамдық
куаныштымын , қуаныштымын
саттілік , сәттілік
тылеймін , тілеимін
барлығы , барлығы
жасап , жасап
намаздарымызды , намаздарымызды
бастысы , бастысы
истейды , істейді
сиякты, сияқты  
жылдам, жылдам  
кептыре, кептіре  
деп, деп  
ойлап, ойлап  
едым, едім  
бирақ, бірақ  
багасы, бағасы  
кол, қол  
жетымды, жетімді  
жақсы, жақсы  
екен, екен  
мулдем, мүлдем  
жумыс, жұмыс  
жасамайды, жасамайды  
сапасы, сапасы  
оте, өте  
жаксы, жақсы  
алганыма, алғаныма  
окінбеймын, өкінбеймін  
кайырлы, қайырлы  
кун, күн  
менде, менде  
ой, ой  
бар, бар  
еды, еді  
сыздерге, сіздерге  
казир, қазір  
уакытта, уақытта  
уялы, ұялы  
уйде, үйде  
байланыс, байланыс  
колданушы, қолданушы  
жылдан, жылдан  
жылга, жылға  
кобейе, көбейе  
тусуде, түсуде  
айтайын, айтайын  
деген, деген  
тарифтык, тарифтік  
жоспарга, жоспарға  
байланысты, байланысты  
жакын, жақын  
арада, арада  
оку, оқу  
жылы, жылы  
басталады, басталады  
кашыктан, қашықтан  
оку, оқу  
багдарламасымен, бағдарламасымен  
сол, сол  
себепты, себепті   
жоспар, жоспар  
билим, білім  
ордасы, ордасы  
деген, деген  
бул, бұл  
окушыга, оқушыға  
мугалімге, мұғалімге  
де, де  
тиымді, тиімді  
болса, болса   
болар, болар  
еді, еді  
мен, мен  
ойынды, ойынды  
ойын, ойын  
деп, деп  
ойлаймын, ойлаймын  
кызық, қызық  
болса, болса  
бас, бас  
калайсыз, қалайсыз  
оте, өте  
керемет, керемет  
менин, менің  
бұл, бұл  
жақсы, жақсы  
оны, оны  
жазып, жазып  
алды, алды  
ким, кім  
не, не  
ыстеп, істеп  
не, не  
койып, қойып  
жатыр, жатыр  
барин, бәрін  
билип, біліп  
отырамыз, отырамыз  
оте, өте   
меники, менікі  
косылмады, қосылмады  
келмей, келмей  
жатыр, жатыр  
неге, неге  
жагдайы, жағдайы  
керемет, керемет  
алганыма, алғаныма  
кун, күн  
болды, болды  
өте, өте  
жақсы, жақсы  
муздаткыш, мұздатқыш  
іші, іші  
кен, кең  
екен, екен  
ойлаганымдай, ойлағанымдай  
болды, болды  
өте, өте  
куаныштымын, қуаныштымын  
алуга, алуға  
кенес, кеңес  
беремін, беремін  
жеткызу, жеткізу  
орталыгына, орталығына  
рахмет, рахмет  
айтқан, айтқан  
уакытында, уақытында  
жеткызып, жеткізіп  
берды, берді  
дайындыкка, дайындыққа   
жаксы, жақсы  
косымша, қосымша   
кашан, қашан  
жазыладыы, жазылады  
араб, араб  
тилин, тілін  
косыныздаршы, қосыңыздаршы  
жақсы, жақсы   
шыгармашылык, шығармашылық  
табыстар, табыстар  
оте, өте  
жаксы, жақсы  
маган, маған  
катты, қатты  
унайды, ұнайды  
кыскасы, қысқасы  
жаксы, жақсы  
өте, өте  
іші, іші   
дукен, дүкен  
екен, екен  
бираз, біраз  
зат, зат  
таба, таба  
аласыздар, аласыздар  
женылдык, жеңілдік  
жасап, жасап  
турса, тұрса  
дуркырейтін, дүркірейтін  
жер, жер  
нагыз, нағыз  
орталык, орталық  
ышынен, ішінен  
киым, киім  
дүкены, дүкені  
де, де  
ашылган, ашылған  
екен, екен  
жаксылап, жақсылап  
араласаң, араласаң  
үйге, үйге  
керек, керек  
заттың, заттың  
быразы, біразы  
бар, бар  
осындай, осындай  
берсин, берсін  
ыкшамды, ықшамды  
сатып, сатып  
алсаныз, алсаңыз  
өкінбейсіз, өкінбейсіз  
тамаша, тамаша  
қосымша, қосымша  
жылдам, жылдам  
қозгалады, қозғалады  
онады, ұнады  
осіресін, өсіресің    
өте, өте  
жақсы, жақсы  
кызыма, қызыма  
унады, ұнады  
аса, аса  
улкен, үлкен  
жаксы, жақсы  
жасалган, жасалған  
дуние, дүние  
менин, менің  
конылымнен, көңілімнен  
шыкты, шықты  
өте, өте  
кушти, күшті  
ойнаган, ойнаған  
күшті, күшті  
барі, бәрі  
жақсы, жақсы
кестесы, кестесі  
бойынша, бойынша  
бір, бір  
нарсе, нәрсе  
сурасам, сұрасам  
болмайма, болмай ма  
екен, екен  
мен, мен  
саған, саған  
айтып, айтып  
жатырмын, жатырмын  
калайсыздар, қалайсыздар  
ораза, ораза  
устауга, ұстауға  
болмайды, болмайды   
деп, деп  
ойлап, ойлап  
едым, едім  
бугин, бүгін  
алгыс, алғыс  
айту, айту  
куныне, күніне  
арналган, арналған  
тарбие, тәрбие  
сагат, сағат  
енды, енді  
кашан, қашан  
келесін, келесің  
жылдамдыгы, жылдамдығы  
нашар, нашар  
тунгі, түнгі  
кетты, кетті  
жели, желі  
кымбат, қымбат  
өте, өте  
нашар, нашар  
оте, өте  
нашар, нашар  
тыпты, тіпті  
созбен, сөзбен  
жеткызе, жеткізе  
алмаймын, алмаймын  
мына, мына  
ойын, ойын  
оте, өте  
жолы, жолы  
өте, өте  
тар, тар  
журу, жүру  
мумкин, мүмкін  
емес, емес  
шымкенттегы, ымкенттегі  
актаудагы, ақтаудағы  
сары, сары
жолын, жолын  
етсе, етсе  
керемет, керемет  
болар, болар  
еды, еді  
мен, мен  
ойлаган, ойлаған  
колемынен, көлемінен  
кышы, кіші  
екен, екен  
уакытынан, уақытынан  
бурын, бұрын  
акелып, әкеліп  
устамайды, ұстамайды  
тез, тез  
ысып, ісіп  
кетеды, кетеді  
ошеды, өшеді  
бармен, бармен  
тунде, түнде  
ашылмай, ашылмай  
ашылмайды, ашылмайды  
неге, неге  
адемы, әдемі  
сыйлыкка, сыйлыққа 
уялмай, ұялмай  
беруге, беруге  
болады, болады    
өте, өте  
женіл, жеңіл   
оздеры, өздері  
жерден, жерден  
екыншы, екінші  
жерге, жерге  
котерып, көтеріп  
журе, жүре   
балалар, балалар  
гана, ғана  
емес, емес  
арасында, арасында  
улкендер, үлкендер   
отыра, отыра  
береды, береді  
отырганда, отырғанда  
басында, басында  
аздап, аздап  
кунде, күнде  
иыс, иіс  
кетты, кетті  
оте, өте  
бала, бала  
арбасы, арбасы  
сапалы, сапалы  
екен, екен  
автоколік, автокөлік  
журетын, жүретін  
бобек, бөбек  
салгышы, салғышы  
онай, оңай  
ойлаганнан, ойлағаннан  
тез, тез  
болды, болды  
дукены, дүкені  
умытымызды, үмітімізді  
актады, ақтады  
кенесші, кеңесші  
тусіндіре, түсіндіре  
алды, алды  
тагатын, тағатын  
затты, затты  
кормедік, көрмедік  
багасына, бағасына  
сай, сай  
кыстын, қыстың  
жаздын, жаздың  
кундерынде, күндерінде   
колдануга, қолдануға  
кыста, қыста  
жазда, жазда  
косымша, қосымша  
жауып, жауып  
туратын, тұратын  
жапқыштары, жапқыштары   
оинаңыздар, ойнаңыздар  
сиздердин, сіздердің  
тамактарыныз, тамақтарыңыз
саусакпен, саусақпен  
жургызсемде, жүргізсем де  
пайызбен, пайызбен  
несие, несие  
бершы, берші   
орын, орын  
алады, алады  
ганибет, ғанибет   
адамдардын, адамдардың  
шыгармайтындындары, шығармайтынындары 
жоқ, жоқ  
осындаи, осындай  
кобейе, көбейе  
берсин, берсін  
сиздерге, сіздерге  
алла, Алла  
разы, разы  
болсын, болсын  
неге, неге  
казакша, қазақша  
болганымен, болғанымен  
багдарламанын, бағдарламаның  
корсетылген, көрсетілген  
жаңалыктар, жаңалықтар  
болими, бөлімі  
ойындарынын, ойындарының  
интерфейсы, интерфейсі  
кейбыр, кейбір  
жерлеры, жерлері  
орысша, орысша  
аралас, аралас  
журеді, жүреді  
тандалып, таңдалып  
турса, тұрса  
тылы, тілі  
тылынде, тілінде  
болганымен, болғанымен  
тылыне, тіліне  
байланысты, байланысты  
атауы, атауы   
озгермейды, өзгермейді  
шашты, шашты  
алады, алады  
инимди, інімді  
жанарган, жаңарған  
былген, білген  
тартсан, тартсаң  
пернетакта, пернетақта  
унаганы, ұнағаны  
казаки, қазақы  
создыктер, сөздіктер  
тез, тез  
жазуга, жазуға  
улкен, үлкен  
жасаган, жасаған  
адамдарга, адамдарға  
ризашылыгымды, ризашылығымды   
созбен, сөзбен  
айтканда, айтқанда  
батырмасы, батырмасы  
тусип, түсіп  
калды, қалды  
әлдекашан, әлдеқашан   
зейнетакылык, зейнетақылық  
жинагымды, жинағымды  
коре, көре  
алмадым, алмадым  
бырнеше, бірнеше  
рет, рет  
енгыздым, енгіздім  
тук, түк  
шыкпады, шықпады  
косымшаларынды, қосымшаларыңды  
дурыс, дұрыс  
жумыс, жұмыс  
ыстете, істете  
алмасандар, алмасаңдар   
ауре, әуре  
боласындар, боласыңдар  
елдын, елдің  
басын, басын  
катырып, қатырып   
мобильды, мобильді   
ушактар, ұшақтар  
неге, неге  
ар, әр  
апта, апта  
сайын, сайын  
жанарту, жаңарту  
сурайды, сұрайды  
сурактар, сұрақтар  
саны, саны  
канша, қанша  
енди, енді  
акша, ақша  
жибере, жібере  
алатын, алатын  
етсениз, етсеңіз  
кушти, күшті  
болар, болар  
еди, еді  
жылдам, жылдам   
жасайды, жасайды  
ракмет, рақмет  
саган, саған   
корсетеды, көрсетеді  
намаз, намаз  
уакытын, уақытын  
отынемын, өтінемін  
осы, осы  
интернетсыз, интернетсіз  
колдануга, қолдануға  
болатындай, болатындай  
ыстеныздершы, істеңіздерші  
сонда, сонда  
жулдыз, жұлдыз  
коям, қоям  
согым, соғым  
сыйып, сыйып  
кетты, кетті  
айткан, айтқан  
кундеры, күндері  
жеткызып, жеткізіп  
берды, берді  
тыныш, тыныш  
жумыс, жұмыс  
кетты, кетті  
арналган, арналған	
коптеген, көптеген	
сон, соң	
ыры, ірі	
бирге, бірге	
жана, жаңа	
алгашкы, алғашқы	
тури, түрі	
омир, өмір	
карсы, қарсы	
ышынде, ішінде	
уш, үш	
мемлекеттык, мемлекеттік	
тусти, түсті	
халык,	халық	
Муниципалитеттын, Муниципалитеттің	
гылыми,	ғылыми	
жагынан, жағынан	
туган,	туған	
кызмет,	қызмет	
турде,	түрде	
таризди, тәрізді	
олардын, олардың	
сондыктан, сондықтан	
оган, оған	
шыккан,	шыққан	
узындыгы, ұзындығы	
биринши, бірінші	
кара, қара	
алеуметтик,	әлеуметтік	
аскери,	әскери	
кездеседы, кездеседі	
жергиликти,	жергілікті	
ягни, яғни	
уллтык,	ұлттық	
жагдайда, жағдайда	
манызды, маңызды	
курамына, құрамына	
жасалган, жасалған	
кейбир,	кейбір	
оку, оқу	
кайта, қайта	
енбек, еңбек	
колданылады, қолданылады	
натижесынде, нәтижесінде	
сайкес, сәйкес	
жылдын,	жылдың	
негизинде, негізінде	
кол, қол	
болинеды, бөлінеді	
ак,	ақ	
билим, білім	
камтамасыз,	қамтамасыз	
атындагы, атындағы	
халыкаралык, халықаралық	
мундай,	мұндай	
дуниеге, дүниеге	
жузеге,	жүзеге	
сондай-ак, сондай-ақ	
тан, тән	
жиы, жиі	
сырткы,	сыртқы	
тагы, тағы	
толык, толық	
катысты, қатысты	
оседы, өседі	
бастаган, бастаған	
табиги,	табиғи	
алгаш, алғаш	
ашык, ашық	
молшеры, мөлшері	
отырган, отырған	
онер, өнер	
турлеры, түрлері	
озара, өзара	
жарык, жарық	
караганада, қарағанда	
жуйесы,	жүйесі	
шыгыс, шығыс	
дейинги, дейінгі	
кобинесе, көбінесе	
улы, улы	
солтустик, солтүстік	
битирген, бітірген	
сонгы, соңғы	
экономикалык, экономикалық	
жылдык,	жылдық	
кайтыс,	қайтыс	
жогаргы, жоғарғы	
курделы, күрделі	
секылды, секілді	
терен, терең	
тикелей, тікелей	
накты, нақты	
кыска, қысқа	
узак, ұзақ	
артурли, әртүрлі	
биык, биік	
болгандыктан, болғандықтан	
жакын, жақын	
теныз, теңіз	
халкынын, халқының	
курылды, құрылды	
орталык, орталық	
аралыгында,	аралығында	
акын, ақын	
дал, дәл	
негызын, негізін	
химиялык, химиялық	
мунда,	мұнда	
дыни, діни	
ежелгы	ежелгі	
жониндегы, жөніндегі	 
тыршылык, тіршілік	
томен, төмен	
гасырдын, ғасырдың	
кызметин, қызметін	
калыптаскан, қалыптасқан	
онтустик, оңтүстік	
баскару, басқару	
биыктыгы, биіктігі	
жуык, жуық	
мадениет, мәдениет	
шаруашылыгы, шаруашылығы	
агылшын, ағылшын	
билдыреды, білдіреді	
кенынен, кеңінен	
комегимен, көмегімен	
уксас,	ұқсас	
алдынгы, алдыңғы	
ауылдык, ауылдық	
дамыган, дамыған	
мадени,	мәдени	
ойткены, өйткені	
агаш, ағаш	
манызы,	маңызы	
мушесы,	мүшесі	
мунай, мұнай	
акесы, әкесі	
енбек, еңбек	
маскеу,	мәскеу	
сойтип,	сөйтіп	
сакталган, сақталған	
таралган, таралған	
темир, темір	
кана, қана	
куру, құру	
арбир,	әрбір	
осимдик, өсімдік	
жогаргы, жоғарғы	
белсенды, белсенді	
женил, жеңіл	
салынган, салынған	
байкалады, байқалады	
ыкпал,	ықпал	
гасырда, ғасырда	
кос, қос	
коныр, қоңыр	
усак, ұсақ	
адеби, әдеби	
республикасынын, республикасының	
сонгы,	соңғы	
аткарады, атқарады	
балык,	балық	
елеулы,	елеулі	
есептеледы,	есептеледі	
жагы, жағы	
кездегы, кездегі	
ортак,	ортақ	
техникалык,	техникалық	
тыгыз, тығыз	
тык, тік	
калды,	қалды	
устине,	үстіне	
айел, әйел	
ондирис, өндіріс	
багыттылган, бағытталған	
ерекшелыгы,	ерекшелігі	
еркын, еркін	
кезенде, кезеңде	
тиымды,	тиімді	
туркы,	түркі	
томенги, төменгі	
казактын, қазақтың	
калпына, қалпына	
кан, қан	
кояды, қояды	
кызыл, қызыл	
алемдик, әлемдік	
айналган, айналған	
айкын,	айқын	
дастурли, дәстүрлі	
жеты, жеті	
жынышке, жіңішке	
кенесыне, кеңесіне	
куши, күші	
коринеды, көрінеді	
салмагы, салмағы	
сактау,	сақтау	
топырак, топырақ	
тунгыш,	тұңғыш	
комитеынын,	комитетінің	
китапхана,	кітапхана	
мажбур,	мәжбүр	
мани,	мәні	
себеби,	себебі	
согыс,	соғыс	
сонында, соңында	
сут, сүт	
танда, таңда	
шыгармашылык, шығармашылық	
калыпты, қалыпты	
курамдас, құрамдас	
ан,	ән	
аркасында, арқасында	
ескы, ескі	
есымы,	есімі	
жалгыз,	жалғыз	
жак, жақ	
жетты,	жетті	
жуз, жүз	
зан, заң	
копшилик, көпшілік	
максатында,	мақсатында	
окып, оқып	
республикалык, республикалық	
суга, суға	
табылган, табылған	
тараган, тараған	
тири, тірі	
тургыдан, тұрғыдан	
каласындагы, қаласындағы	
калын, қалың	
карамастан,	қарамастан	
коршаган, қоршаған	
коса, қоса	
кыз, қыз	
курылыс, құрылыс	
уздик,	үздік	
укиметы, үкіметі	
асерин,	әсерін	
озгеристер,	өзгерістер	
жогары,	жоғары	
ауданынын,	ауданының	
жердин,	жердің	
жиынтыгы, жиынтығы	
заттардын, заттардың	
келисим, келісім	
сабак, сабақ	
суык, суық	
физикалык, физикалық	
каржы, қаржы	
олен, өлең	
ондеу, өңдеу	
акш, ақш
ежелгы,	ежелгі	
мухаммед, мұхаммед	
амайгында,	аймағында	
артык,	артық	
атакты,	атақты	
акыннын, ақынның	
баланын, баланың	
екеуы, екеуі	
енгызылген,	енгізілген	
ерекшеленеды, ерекшеленеді	
жаска, жасқа	
жон, жөн	
сынырген, сіңірген	
тауелсыз, тәуелсіз	
кургак,	құрғақ	
адетте,	әдетте	
окилдеры, өкілдері	
натижесынде, нәтижесінде	
агасы, ағасы	
бастапкы, бастапқы	
багытта, бағытта	
билык,	билік	
денгейы, деңгейі	
енбкетеры,	еңбектері	
жуйе, жүйе	
жумыртка, жұмыртқа	
магынасы, мағынасы	
мушелеры, мүшелері	
мушелерынын, мүшелерінің	
мадениеты	мәдениеті	
сыйлыгынын,	сыйлығының	
сурген,	сүрген	
созинин, сөзінің	
турик, түрік	
ханнын,	ханның	
калындыгы,	қалыңдығы	
коныс,	қоныс	
ушып, ұшып	
акимшилик, әкімшілік	
арекет,	әрекет	
буган,	бұған	
ресейдын, ресейдің	
академиясынын, академиясының	
аныктау, анықтау	
белгылеры, белгілері	
белгысыз, белгісіз	
биркатар, бірқатар	
елдердын, елдердің	
женыске, жеңіске	
жумсак,	жұмсақ	
коринис, көрініс	
музыкалык,	музыкалық	
органикалык, органикалық	
тагайындалды, тағайындалды	
тери, тері	
топка, топқа	
тусиндерме,	түсіндірме	
тулга, тұлға	
катан, қатаң	
кукык, құқық	
улес, үлес	
асем, әсем	
озен, өзен	
онеркасип,	өнеркәсіп	
оним, өнім	
айга, айға	
аналык,	аналық	
аягына,	аяғына	
аяк, аяқ	
басшылык, басшылық	
бакылау, бақылау	
будан,	бұдан	
денесынын,	денесінің	
донгелек,	дөңгелек	
ескерткыш,	ескерткіш	
ешкым,	ешкім	
жазык,	жазық	
жигит,	жігіт	
келтыреды,	келтіреді	
кысы,	кісі	
марапатталган,	марапатталған	
орденымен,	орденімен	
салкын,	салқын	
сур,	сұр	
терыс,	теріс	
тиесылы, тиесілі	
туси,	түсі	
шыгыска, шығысқа	
ыстык,	ыстық	
электрондык, электрондық	
казан, қазан	
каза, қаза		
уйымды,ұйымды
уйымымен, ұйымымен	
уйык, ұйық	
уйыктайды, ұйықтайды	
уйгырдын, ұйғырдың	
уйкас,	ұйқас	
уйкаска, ұйқасқа	
уйкыбез, ұйқыбез	
улан,	ұлан	
уланбайтак,	ұланбайтақ	
уластыру, ұластыру	
уласып,	ұласып	
уласкан, ұласқан	
улагатты, ұлағатты	
улдын,	ұлдың	
улпадан, ұлпадан	
улпасынын,	ұлпасының	
улттыгымызды, ұлттығымызды
ултустилик,	ұлтүстілік	
улыстардын,	ұлыстардың	
улыгы,	ұлығы	
улык,	ұлық	
улгайды, ұлғайды	
улгайтуга,	ұлғайтуға	
ума, ұма	
умытпаган, ұмытпаған	
умытшактык,	ұмытшақтық	
умытылуга, ұмытылуға	
умыткан, ұмытқан	
унамаганды,	ұнамағанды	
унатпаудын,	ұнатпаудың	
унаткандыгынан,	ұнатқандығынан	
унтактайды,	ұнтақтайды	
унтакталган, ұнтақталған	
унтактык, ұнтақтық	
уранга,	ұранға	
урпагымын, ұрпағымын	
урпагында, ұрпағында	
урпакпен, ұрпақпен	
уршык,	ұршық	
урымдар, ұрымдар	
урыктану, ұрықтану	
урыктын, ұрықтың	
урган,	ұрған	
ургашы,	ұрғашы	
усаткышта, ұсатқышта	
усагы,	ұсағы	
устаздык, ұстаздық	
устамайак, ұстамайақ	
хижралык, Һижралық	
адис,	әдіс	
айгерим, әйгерім	
айтпесе, әйтпесе	
койылымында, қойылымында 
рол, рөл 
агылшынша, ағылшынша 
эелементы, элементі
акцияларынын, акцияларының 
еркин, еркін 
шетелдыктерге, шетелдіктерге 
туризмды, туризмді
шокжулдызында, шоқжұлдызында
таризди, тәрізді 
шогыры, шоғыры
градустыколшеулердын, градустықөлшеулердің 
аныктаган, аныктаған
карындасы, қарындасы 
саулетшысы, сәулетшісі 
еуропалыктар, еуропалықтар 
дерлыктей, дерліктей
аздаган, аздаған
кателыктерды, қателіктерді 
алмаганда, алмағанда
козге, көзге 
караныз, қараңыз 
терминдерынын, терминдерінің 
турмыс, тұрмыс
бирегей, бірегей 
жаксарту, жақсарту 
ынылеры, інілері  
шахзада, шаһзада
егиншиликтин, егіншіліктің 
суйикти, сүйікті 
шанырагында, шаңырағында 
кугындалганынан, қуғындалғанынан 
кукына, құқына 
тусында, тұсында 
ишки,	ішкi 
нарыктын, нарықтың 
калыптасуы, қалыптасуы 
сауда, сауда
ережелерын, ережелерiн 
алгашында, алғашында 
куманмен, күмәнмен 
беттегы, беттегі 
кайталанатын, қайталанатын  
ыздеп, іздеп
олардын, олардың 
кескиндерын, кескіндерін 
марте, мәрте 
сактауы, сақтауы
торинен, төрінен 
козкарасым, көзқарасым 
шыгарган, шығарған 
шируынын, шіруінің 
айкын, айқын 
айгагы, айғағы 
гундар, ғұндар 
дунайдын, дунайдың 
жагалауларына, жағалауларына 
кайта, қайта
кабылдаган, қабылдаған  
делинеды, делінеді
терезесы, терезесі 
бирнеше, бірнеше 
польшадагы, польшадағы 
бакылау, бақылау  
толык, толық 
китабы, кітабы 
криминалдык, криминалдық 
дарежедегы, дәрежедегі 
оган, оған 
курылымдарында, құрылымдарында 
усынатын, ұсынатын 
курделы, күрделі 
киристирилген, кірістірілген 
саулет, сәулет 
курылыс, құрылыс 
олендерынын, өлеңдерінің
корнекты, көрнекті 
табыска, табысқа 
болимшены, бөлімшені 
хаттамасынын, хаттамасының 
желилик, желілік 
тотеп, төтеп 
алганымен, алғанымен
тураксыз, тұрақсыз 
оленынен, өлеңінен 
кейын, кейін 
себебы, себебі 
британдык, британдық 
елдеры, елдері
малиметтер, мәліметтер 
корпорациясынын, корпорациясының 
курамына, құрамына 
кыриеды, кіреді
басшылыгы, басшылығы 
курама құрама  
банкроттык, банкроттық 
кодексынын, кодексінің 
козгады, қозғады
кететыны, кететіні  
малимдеме, мәлімдеме 
жиналган, жиналған бағдарламаларға 
озгерту, өзгерту
енгызсе, енгізсе
жобага, жобаға 
такырыбын, тақырыбын 
жалгастыра, жалғастыра 
ежелгы,  ежелгі 
копултты, көпұлтты 
шенеуныктердын, шенеуніктердің
балыкшылардын, балықшылардың
шекарашылардын, шекарашылардың 
катардагы, қатардағы 
кабагында, қабығында 
гасырлар, ғасырлар 
уйгарак,  ұйғарақ 
кум, құм 
казылып, қазылып 
багындарыды, бағындырады
кожайыннын, қожайынның 
мартебелык, мәртебелік 
суретшилер, суретшілер 
драмалык, драмалық 
коринистерды, көріністерді 
терен, терең 
сезымдерды, сезімдерді 
аскан, асқан 
шеберлыкпен, шеберлікпен 
онерынын, өнерінің 
дауырге, дәуірге 
кошуын, көшуін 
былдырды, білдірді
абайдын, абайдың 
тужырымы, тұжырымы 
туптеп, түптеп 
олмес, өлмес
дейтын, дейтін 
ундес, үндес 
шешесы, шешесі 
букара, бұқара 
корлык, қорлық
тылегыне, тілегіне 
багыт, бағыт 
ыздеген, іздеген
таппаган, таппаған
усынады, ұсынады 
окигалар, оқиғалар 
мерзым, мерзім 
конституцияга, конституцияға 
сайкес, сәйкес 
буган, бұған
жеты, жеті 
президенттык, президенттік  
сайлаудын, сайлаудың 
отты, өтті
белсендылерыне, белсенділеріне
келесы, келесі 
сайлаугу, сайлауға  
опык, опық 
калмау, қалмау  
казирден, қазірден 
нены, нені 
ескеруы, ескеруі 
такырыпта, тақырыпта 
орбиткысы, өрбіткісі 
тартыншактагандар, тартыншақтағандар 
адеттегыдей, әдеттегідей 
мезгылынен, мезгіленен 
абден, әбден 
режимнын, режимнің 
утылып, ұтылып
бириншиден, біріншіден
ретынде, ретінде 
акорданын, ақорданың 
руксатынсыз, рұқсатынсыз 
кылмыспен, қылмыспен 
кылмыстык, қылмыстық  
тыркелген, тіркелген 
талпынган, талпынған 
азаматтардын, азаматтардың  
турмеде, түрмеде 
кысымга, қысымға
биржолата, біржолата 
екыталай, екіталай
екиншиден, екіншіден 
азаматтык, азаматтық 
когамда, қоғамда 
калыптаскан, қалыптасқан
билыктын, биліктің  
келыспейтын, келіспейтін 
бириктире, біріктіре 
ондаган, ондаған 
топтардын, топтардың 
кокжиегынын, көкжиегінің 
устанымдагы, ұстанымдағы 
саясаткерлердын, саясаткерлердің 
тиымсыз, тиімсіз  
билыкшыл, билікшіл 
куманим, күмәнім 
окиништиси, өкініштісі
саясаттагы, саясаттағы
когамдагы, қоғамдағы  
терендей, тереңдей
каукарсыз, қауқарсыз
омирдегы, өмірдегі 
суйрейды, сүйрейді
тусиникти, түсінікті 
нарсе, нәрсе
дауырынын, дәуірінің 
биржакты, біржақты  
адилетсыз, әділетсіз 
кландык, кландық 
баскарганын, басқарғанын 
билесыздер, білесіздер
адилетты, әділетті 
суранысын, сұранысын 
канагаттандырган, қанағаттандырған 
тармактары, тармақтары
тендик, теңдік 
кушейген, күшейген 
шкетелды, шектелді
басеке, бәсеке 
мыгым, мығым 
ережелеры, ережелері 
бекытылмеды, бекітілмеді
калпында, қалпында
дайындыкты, дайындықты 
касакана, қасақана 
карамау, қарамау
курескерлер, күрескерлер 
додага, додаға 
тузакка, тұзаққа 
туспес, түспес 
умиткерды, үміткерді 
озара, өзара 
азирлеп, әзірлеп
кундылыктар, құндылықтар 
жониндегы, жөніндегі 
мынез, мінез
кулкынын, құлқының 
бурмалаушылыктар, бұрмалаушылықтар
сенымы, сенімі 
тугесылген, түгесілген 
мукият, мұқият 
деректерды, деректерді 
уйреншыкты, үйреншікті
нускауымен, нұсқауымен
жалгыз, жалғыз
басекелестык, бәсекелестік
улесы, үлесі
кейбыреулеры, кейбіреулері
ашыктыктын, ашықтықтың
мудделы, мүдделі
камтиды, қамтиды
шешымды, шешімді
немкурайлы, немқұрайлы
алдекайда, әлдеқайда
кытайшыл, қытайшыл
секылды, секілді
ынтымактастык, ынтымақтастық
ыдыраганнан, ыдырағаннан
киналай, кінәлай
кыркуйекте, қыркүйекте
енгызылып, енгізіліп
окилеттык, өкілеттік
карашасында, қарашасында
дастуры, дәстүрі
курды, кұрды
улгы, үлгі
артыкшылыгы, артықшылығы
колдаушы, қолдаушы
женылсе, жеңілсе
томенгы, төменгі
бурмалау, бұрмалау
казакстанда, қазақстанда 
америкага, америкаға 
болдын, болдың
окыганым, оқығаным 
ынгайы, ыңғайы
камелет, кәмелет
толмаган, толмаған
карындастарыма, қарындастарыма
конгилеры, көнгілері
немерелерын, немерелерін
касымызда, қасымызда
куалик, куәлік
тарбиешынын, тәрбиешінің
каражатка, қаражатқа
тыреледы, тіреледі
жалакы, жалақы
ерынбей, ерінбей
акпаратты, ақпаратты
байкаганымдай, байқайғанымдай
касиптын, кәсіптің
пысыктыгына, пысықтығына
танкалдырганы, таңқалдырғаны
аландаймын, алаңдаймын
аныктасан, анықтасаң
согурым, соғұрым
патер, пәтер
артык, артық
тыртык, тыртық
сабак, сабақ
жубайыныз, жұбайыңыз
жуктин, жүктің
келыспеушилик, келіспеушілік
жауапкершилик, жауапкершілік
айналана, айналаңа
баспанага, баспанаға
шакирт, шәкірт
талим, тәлім
туткындалып, тұтқындалып
бейбит, бейбіт
ерік, ерик
жигер, жігер
кыргыз, қырғыз
ушакпен, ұшақпен
акпан, ақпан
коронавируска, коронавирусқа
медкызметкерлер, медқызметкерлер
мугалимдер, мұғалімдер
калаушы, қалаушы
салдыруга, салдыруға
мындеттымыз, міндеттіміз
зангер, заңгер
журт, жұрт
укиметтегылер, үкіметтегілер
кайсын, қайсын
сауырден, сәуірден
екпесы, екпесі
журтка, жұртқа
кызаруы, қызаруы
коркудын, қорқудың
тегин, тегін
жериниз, жеріңіз 
медкомек, медкөмек
жуктыргандармен, жұқтырғандармен
барларга, барларға
жон, жөн
аскандарга, асқандарға
емизип, емізіп
буйрек, бүйрек
окпе, өкпе
кант, қант
журек, жүрек
жуйке, жүйке
катерли, қатерлі
емханага, емханаға
бекиткен, бекіткен
халинизды, халіңізді
моншага, моншаға
шугылданбауга, шұғылданбауға
тамактаныныз, тамақтаныңыз
сактык, сақтық
кабынуга, қабынуға
дарилерды, дәрілерді
учаскелик, учаскелік
камалауы, қамалуы
жумган, жұмған
жак, жақ
салган, салған
кесырынен, кесірінен
медмекемены, медмекемені
ерыкты, ерікті
мазмуны, мазмұны
тыгырыкка, тығырыққа
шакырылушылардын, шақырылушылардың
алимжеттык, әлімжеттік
устем, үстем
кайтпек, қайтпек
таяк, таяқ
купияся, құпиясы
тапкысы, тапқысы
окилимен, өкілімен
жазылмаган, жазылмаған
санаттагы, санаттағы
кемсытетын, кемсітетін
азшылык, азшылық
отемеуге, өтемеуге
карулы, қарулы
катигез, қатігез
заннама, заңнама
зайыптылык, зайыптылық
жыныстык, жыныстық
багдар, бағдар
кылмыстарга, қылмыстарға
ансар, аңсар
зынгыттей, зіңгіттей
отириги, өтірігі
амбебап, әмбебап
ауыткуы, ауытқуы
сотталган, сотталған
акпандагы, ақпандағы
кукылысыз, құқылысыз
торагасына, төрағасына
аткарушы, атқарушы
муктаж, мұқтаж
мугедек, мүгедек
кабилетсыз, қабілетсіз
жалгызбасты, жалғызбасты
пандемияга, пандемияға
маслихаттардын, мәслихаттардың
танылгандар, танылғандар
туыстарынын, туыстарының
топтагы, топтағы
откергендер, өткергендер
бирлестиктерде, бірлестіктерде
бугинде, бүгінде
жукпалы, жұқпалы
кунтузу, қантүзу
заталмасудын, заталмасудың
емизик, емізік
кулак, құлақ
канайналым, қанайналым
аскорыту, асқорыту
заршыгару, зәршығару 
суйек, сүйек
булшыкет, бұлшықет 
данекер, дәнекер 
терыасты, теріасты 
жасунык, жасұнық 
жуктилик, жүктілік
аскыну, асқыну
агзадагы, ағзадағы  
кинарат, кінәрат
жаракат, жарақат 
шынжауык, шынжаулық
шыжын, шыжың
кекештик, кекештік 
тутыгу, тұтығу 
малиметинше, мәліметінше
зандастырган, заңдастырған
жалпыазаматтык, жалпыазаматтық
турмей, түрмей
кушке, күшке
уаде, уәде
насилине, нәсіліне
кузиретын, құзіретін
кадагалайды, қадағалайды
насилшилдикти, нәсілшілдікті
кукыктарынын, құқықтарының
дынын, дінін
жардемакы, жәрдемақы
жабык, жабық
нацистык, нацистік
артык, артық
кабыргасы, қабырғасы
тугендеп, түгендеп
корши, көрші
мулик, мүлік
тургын, тұрғын
дангылындагы, даңғылындағы
туран, тұран
назарларынызга, назарларыңызға
капыда, қапыда
ланкестик, лаңкестік
тартипсиздиктер, тәртіпсіздіктер
далелденбеген, дәлелденбеген
есебынде, есебінде
корытындыларына, қорытындыларына
молшерлес, мөлшерлес
мамлеге, мәмлеге
байкадык, байқадық
уажин, үәжін
наразылыкка, наразылыққа
шыккандармен, шыққандармен
легитимдилигыне, легитимділігіне
диалогка, диалогқа
автократиялык, автократиялық
озекты, өзекті
коздейды, көздейді
интернеттегы, интернеттегі
уйренып, үйреніп
елдегыдей, елдегідей
карангы, қараңғы
коленкелы, көлеңкелі
карапайым, қарапайым
аноимдилигин, анонимділігін
кыскартылган, қысқартылған
азирлеушилеры, әзірлеушілері
манинде, мәнінде
жасактаманын, жасақтаманың
серверды, серверді
дерегын, дерегін
индекстемейтын, индекстемейтін
карама, қарама
кайшы, қайшы
уйым, ұйым
аландамау, алаңдамау
есиртки, есірткі
пионерлеры, пионерлері
цифрлык, цифрлық
хакерлик, хакерлік
наркологиялык, наркологиялық
корынын, қорының
жексенбы, жексенбі
дуйсенбы, дүйсенбі
есирткиге, есірткіге
коспаганда, қоспағанда
тенгеге, теңгеге
тауардын, тауардың
алаяктар, алаяқтар
куны, құны
лактырып, лақтырып
урлаумен, ұрлаумен
бузудын, бұзудың
сайтындагы, сайтындағы
бузуга, бұзуға
кунды, құндым
иесыне, иесіне
мурагат, мұрағат
конырауларды, қоңырауларды
аншылык, аңшылық
толыктай, толықтай
курбанына, құрбанына
кемшилик, кемшілік
ыктимал, ықтимал
шырмауык, шырмауық
беделды, беделді
кауымдастыгы, қауымдастығы
элиталык, элиталық
шогыры, шоғыры
алгашкысы, алғашқысы
гимараттарынын, ғимараттарының
комкерилген, көмкерілген
шапшан, шапшаң
сынаган, сынаған
шенберынде, шеңберінде
тагылымдамага, тағылымдамаға
тулектердын, түлектердің
шарртагы, шарттағы
марте, мәрте
басекелесетын, бәсекелесетін
узилиссиз, үзіліссіз
кейыпкерымыз, кейіпкеріміз
артыкшылыгын, артықшылығын
дарис, дәріс
талкылау, талқылау
туста, тұста
жандарга, жандарға
ниетты, ниетті
кызыгушылык, қызығушылық
кысылмауды, қысылмауды
окытушылыкка, оқытушылыққа
жабдыгы, жабдығы
сонгы, соңғы
жаналыкты, жаңалықты
айгили, әйгілі
тизиминен, тізімінен
менгеру, меңгеру
улгилеры, үлгілері
сухбат, сұхбат
ман, мән
жерлесымыз, жерлесіміз
курделене, күрделене
доп, дөп
мотивациялык, мотивациялық
бакалаврга, бакалаврға
кабилеттер, қабілеттер
дуниежузилик, дүниежүзілік
испен, іспен
денгейде, деңгейде
нарсены, нәрсені
кабылдай, қабылдай
мектептегы, мектептегі
тазалык, тазалық
даригерлик, дәрігерлік
акаулардын, ақаулардың
сыркаттарды, сырқаттарды
аумактык, аумақтық
екиге, екіге
узактыгына, ұзақтығына
корсеткиштермен, көрсеткіштермен
аспектилердын, аспектілердің
баскармалык, басқармалық
себептерыне, себептеріне
зандылыктарын, заңдылықтарын
жагымсыз, жағымсыз
сипаттагы, сипаттағы
даярлауга, даярлауға
пакистан, пәкістан
туркия, түркия
сынген, сіңген
биртума, біртума
лауазымындагы, лауазымындағы
дайексоз, дәйексөз
журекшелердын, жүрекшелердің
косалкысынын, қосалқысының
ыктимал, ықтимал
шолуга, шолуға
жетилмеген, жетілмеген
оршитын, өршитін
суйекшилик, сүйекішілік
далелдилик, дәлелділік
каркынды, қарқынды
туйынды, түйінді
мейргерлик, мейіргерлік
сайкестик, сәйкестік
кылт, кілт
матинди, мәтінді
гемостатикалык, гемостатикалық
басылымдар, басылымдар
талданды, талданды
препараттар, препараттар
кыскыштардын, қысқыштардың
гемостаздык, гемостаздық
когорттык, когорттық
корытындылар, қорытындылар
сылтемелер, сілтемелер
коронарлык, коронарлық
кириспе, кіріспе
тапшылыгы, тапшылығы
усти, үсті
безынын, безінің
генындегы, геніндегі
кырыстырылген, кірістірілген
статистикалык, статистикалық
тузды, тұзды
нуктелик, нүктелік
адистеме, әдістеме
популяцияларда, популяцияларда
танымал, танымал
мазасыздыктан, мазасыздықтан
ырыктемесынде, іріктемесінде
мамырында, мамырында
пилоттык, пилоттық
мазасыздык, мазасыздық
стресстын, стресстің
расымы, рәсімі
сауалнамасынын, сауалнамасының
жариялымдар, жариялымдар
арасында, арасында
сауалнама, сауалнама
валидизациялау, валидизациялау
жауаптарын, жауаптарын
каржыландырудын, қаржыландырудың
сухбаттасу, сұхбаттасу
расталды, расталды
саясатын, саясатын
дайындау, дайындау
айтылды, айтылды
мансап, мансап
картайган, қартайған
картыкка, қарттыққа
суйсеныз, сүйсеніз
алдамшы, алдамшы
шамшырак, шамшырақ
тумау, тұмау
азырак, азырақ
саяжайды, саяжайды
лайыкты, лайықты
орнынызды, орнынызды
акелсын, әкелсін
куйзелиске, күйзеліске
жалкаулык, жалқаулық
теледидар, теледидар
козгалткыш, қозғалтқыш
улкейген, үлкейген
азаюы, азаюы
себепшы, себепші
дагдылыктын, дағдылықтын
дене, дене
кимылдау, қимылдау
салмак, салмақ
жылдамдатады, жылдамдатады
шылым, шылым
агзанын, ағзаның
магынасын, мағынасын
шамасымен, шамасымен
саяхатка, саяхатқа
жаяу, жаяу
таза, таза
жаттыгатын, жаттығатын
салауатты, салауатты
талай, талай
салтын, салтын
асханада, асханада
кездейсок, кездейсоқ
дайынсыз, дайынсыз
комирсутек, көмірсутек
шектеу, шектеу
женуге, жеңуге
арнау, арнау
бастысы, бастысы
жасырым, жасырым
табылады, табылады
комирсу, көмірсу
алдымен, алдымен
ауада, ауада
серуенге, серуенге
азырак, азырақ
арттырыныз, арттырыныз
сыра, сыра
еркектерге, еркектерге
парасатты, парасатты
киянаты, қиянаты
достар, достара
аулак, аулақ
шындықта, шындықта
сабырлыкты, сабырлықты
жынысынын, жынысының
пайдалы, пайдалы
сосын, сосын
табу, табу
ереже, ереже
байыргы, байырғы
борышы, борышы
ауруды, ауруды
дамыту, дамыту
асыру, асыру
шугыл, шұғыл
талимгер, тәлімгер
кантты, қантты
демикпе, демікпе
жастар, жастар
отбасынды, отбасынды
сарсенби, сәрсенбі
тарау, тарау
тарауга, тарауға
сызбасымен, сызбасымен
ауруларды, ауруларды
тарту, тарту
мейирбикесы, мейірбикесі
закымдалгандарга, зақымдалғандарға
курметты, құрметті
анызга, аңызға
лауазымы, лауазымы
ересек, ересек
орынбасарына, орынбасарына
танымал, танымал
корерменнын, көрерменнің
басты, басты
немесе, немесе
наурыз, наурыз
емдеу, емдеу
коже, көже
зорлык, зорлық
мәнерлеп, манерлеп
зомбылык, зомбылық
нашакорлыктын, нашақорлықтың
бойжеткендерге, бойжеткендерге
жұқпалардан, жукпалардан
ежелден, ежелден
талдамакпыз, талдамақпыз
шенберын, шеңберін
шабуылды, шабуылды
пандерге, пәндерге
ашушылар, ашушылар
ауыл, ауыл
орай, орай
болжайды, болжайды
сипатталады, сипатталады
тукымкалаушылык, тұқымқуалаушылық
ластануы, ластануы
болжамдарын, болжамдарын
такия, тақия
лупил, лүпіл
телехикаясы, телехикаясы
баяндайды, баяндайды
байрагын, байрағын
омирбаяны, өмірбаяны
туындыларын, туындыларын
жарменкесыне, жәрмеңкесіне
куантып, қуантып
азиялыктар, азиялықтар
ойымыз, ойымыз
абырой, абырой
ажырата, ажырата
топас, топас
терлеп, терлеп
барар, барар
арабсымак, арабсымақ
шатастыруы, шатастыруы
ойлары, ойлары
жарнама, жарнама
уштугырлы, үштұғырлы
бейпыл, бейпіл
боксозды, боқсөзді
баяндауыш, баяндауыш
жазгытуры, жазғытұры
кулпырар, құлпырар
масатыдай, масатыдай
тулкы, түлкі
кушыгынын, күшігінің
ауызекы, ауызекі
тенгелык, теңгелік
аман, аман
жазушы, жазушы
кеткентугын, кеткентұғын
ауес, әуес
асырыс, асырыс
косемы, көсемі
биыл, биыл
киножулдесын, киножүлдесін
марапаттау, марапаттау
улыкталуы, ұлықталуы
ажырамас, ажырамас
мызгымас, мызғымас
толды, толды
дариптелуы, дәріптелуі
женымпаздары, жеңімпаздары
ауырсыну, ауырсыну
бейымделген, бейімделген
дыбыс, дыбыс
пландагы, пландағы
зулым, зұлым
мыстанынын, мыстанының
кыскаметражды, қысқаметражды
байбише, бәйбіше
байтерек, бәйтерек
байшешек, бәйшешек
еркелетесыз, еркелетесіз
калкам, қалқам
он, өң
шылаулар, шылаулар
амбеге, әмбеге
кисынды, қисынды
шарыктау, шарықтау
шагыну, шағыну
кулдык, құлдық
кисынсыздыгын, қисынсыздығын
догарайык, доғарайық
дакылдардын, дақылдардың
ансаган, аңсаған
данды, дәнді
корнекыде, көрнекіде
бырдемесы, бірдемесі
камыры, қамыры
майына, майына
ренкты, реңкті
торка, торқа
мурасына, мұрасына
рухани, рухани
патша, патша
паракшада, парақшада
зиялылары, зиялылары
утыр, үтір
ушы, ұшы
тогытып, тоғытып
дагдыга, дағдыға
курмалас, құрмалас
орайда, орайда
кыстырма, қыстырм
каратпа, қаратпа
егемен, егемен
арыстан, арыстан
ханым, ханым
сахнасысында, сахнасысында
шабыт, шабыт
дыбыстагандар, дыбыстағандар
аумалы, аумалы
токпелы, төкпелі
тосынсый, тосынсый
буйырса, бұйырса
титтей, титтей
тапталатын, тапталатын
алгалы, алғалы
геосаяси, геосаяси
абестык, әбестік
тангажайып, таңғажайып
сапарына, сапарына
карашадан, қарашадан
зиятты, зиятты
берсек, берсек
аудиожазбаларды, аудиожазбаларды
барынша, барынша
кайран, қайран
толкыным, толқыным
орындаушылармен, орындаушылармен
тараптар, тараптар
сайлауларда, сайлауларда
мура, мұра
ерекше, ерекше
курыстырмай, құрыстырмай
тамыр, тамыр
сынга, сынға
жасыл, жасыл
тутыну, тұтыну
журнагы, жұрнағы
елестеткен, елестеткен
мерекесы, мерекесі
ресми, ресми
саналады, саналады
дамыткымыз, дамытқымыз
жалтактамай, жалтақтамай
қабақ, кабак
мойындауымыз, мойындауымыз
куптаймыз, құптаймыз
дорекы, дөрекі
асылында, асылында
инфракурылым, инфрақұрылым
ыстанбулда, ыстанбұлда
тактайшалары, тақтайшалары
шуды, шуды
сарындагы, сарындағы
жазгыштарга, жазғыштарға
тиесылы, тиесілі
айырмашылык, айырмашылық
жанылысуда, жаңылысуда
олердей, өлердей
осыншалык, осыншалық
немкурайлымыз, немқұрайлымыз
пана, пана
манайдагы, маңайдағы
орынсыз, орынсыз
шогырланган, шоғырланған
мейрамханалардан, мейрамханалардан
жанкуйерлыгы, жанкүйерлігі
тагамдарымызды, тағамдарымызды
ашаршылык, ашаршылық
уакылетты, уәкілетті
курбандарын, құрбандарын
мусылмандар, мұсылмандар
таскынынан, тасқынынан
сулу, сұлу
гашыктар, ғашықтар
корпеш, көрпеш
жайт, жайт
жария, жария
жандарга, жандарға
таптаурындар, таптаурындар
видеошыгарылымында, видеошығарылымында
асыредыншылдыкке, әсіредіншілдікке
дыншил, діншіл
таптырмас, таптырмас
торагасы, төрағасы
шобереден, шөбереден
зорланган, зорланған
жабирленушыны, жәбірленушіні
зорлаушы, зорлаушы
дурликтырды, дүрліктірді
кайткенмен, қайткенмен
далел, дәлел
орысшадан, орысшадан
мырза, мырза
гүл, гүл
атышулы, атышулы
ундыстермен, үндістермен
заманауи, заманауи
бакуатты, бақуатты
мазалайды, мазалайды
макалдары, мақалдары
керегарлыкка, кереғарлыққа
табалдырыгын, табалдырығын
небары, небәрі
онырдегы, өңірдегі
тудырды, тудырды
сыныбынын, сыныбының
арыз, арыз
жыршы, жыршы
накыл, нақыл
жырауларды, жырауларды
алпауыт, алпауыт
шуберекпен, шүберекпен
батырманы, батырманы
атамекеным, атамекенім
орасан, орасан
олкылыкты, олқылықты
тамыз, тамыз
кандастарымыздын, қандастарымыздың
каракалпак, қарақалпақ
соракысы, сорақысы
махаббатын, махаббатын
муражай, мұражай
апта, апта
туу, туу
озбекшеден, өзбекшеден
баптауындагы, баптауындағы
алматылыктар, алматылықтар
мандайшаларда, маңдайшаларда
атсалыскыныз, атсалысқыңыз
бузушылыктар, бұзушылықтар
катандыкка, қатаңдыққа
кабыргасында, қабырғасында
дыбыстамасын, дыбыстамасын
атышулы, атышулы
сома, сома
маусымды, маусымды
ормекшы, өрмекші
рамиздер, рәміздер
жылкы, жылқы
сикыр, сиқыр
бетбейнесын, бетбейнесін
аткеншекте, әткеншекте
жануарларга, жануарларға
алтыбакан, алтыбақан
саныраукулактан, саңырауқұлақтан
маркайып, марқайып
замандасымыз, замандасымыз
жоспарлар, жоспарлар
жаркын, жарқын
жумбак, жұмбақ
омыртка, омыртқа
окырмандарымызга, оқырмандарымызға
булгар, бұлғар
домбырашы, домбырашы
букпесыз, бүкпесіз
жулдеге, жүлдеге
байытуга, байытуға
тусаукесеры, тұсаукесері
аппак, аппақ
сиырдан, сиырдан
катпаска, қатпасқа
жарылыс, жарылыс
кенет, кенет
сулулыгын, сұлулығын
кыпшак, қыпшақ
отаршылдык, отаршылдық
когершын, көгершін
танымпаз, танымпаз
жүйкен, жүйкең
шалбар, шалбар
ыскыш, ысқыш
кылмыстырга, қылмыстырға
салты, салты
кырпияз, кірпияз
макулык, мақұлық
алакай, алақай
орыстандыру, орыстандыру
ашкерелеп, әшкерелеп
аясында, аясында
ханшайымнын, ханшайымның
шығармашылыкпен, шығармашылықпен
буынынын, буынының
береке, береке
сылекейыныз, сілекейіңіз
молайтудын, молайтудың
асыредыншылдыкке, әсіредіншілдікке
курдымын, құрдымың
ащы, ащы
айналайын, айналайын
казыналы, қазыналы
ардакты, ардақты
карттарымыздан, қарттарымыздан
тула, тұла
кулыншагым, құлыншағым
абайла, абайла
парсы, парсы
баламасы, баламасы
шатастырма, шатастырма
туыстык, туыстық
созжасамы, сөзжасамы
масыхшил, мәсіхшіл
даулеттын, дәулеттің
тубырлес, түбірлес
угымга, ұғымға
соракысы, сорақысы
желбыреген, желбіреген
жапырак, жапырақ
баскыншылыгы, басқыншылығы
кадамын, қадамын
ага-апайына, аға-апайыңа
хикаяны, хикаяны
ашуландырып, ашуландырып
кошбасында, көшбасында
зиялылары, зиялылары
шелпегы, шелпегі
елшыл, елшіл
мубарак, мүбәрак
топырагы, топырағы
зираты, зираты
андамай, аңдамай
калыпка, қалыпқа
дербестену, дербестену
ырыс, ырыс
жарым, жарым
сакиналар, сақиналар
амыршысы, әміршісі
кулакгазымга, құлақғазымға
толыгырак, толығырақ
жанартылымда, жаңартылымда
гурыптарды, ғұрыптарды
саусагымды, саусағымды
жасар, жасар
амандасуды, амандасуды
леп, леп
согурлым, соғұрлым
гашыкхаттар, ғашықхаттар
миымда, миымда
коктем, көктем
арзандайды, арзандайды
енжарлык, енжарлық
туларынын, туларының
ануранынын, әнұранының
ботен, бөтен 
кайталамайтынына, қайталамайтынына
урандарды, ұрандарды
ширик, шірік
тауелсыз, тәуелсіз
урей, үрей
кушактау, құшақтау
далырек, дәлірек
манге, мәнге
керегарлык, кереғарлық
саудагер, саудагер
дауысхатты, дауысхатты
тиын, тиін
киналгыныз, қиналғыңыз
каркынмен, қарқынмен
онтустиккореялык, оңтүстіккореялық
аруактары, аруақтары
ендыгары, ендігәрі
жумак, жұмақ
жануар, жануар
ундестык, үндестік
дауыссыздар, дауыссыздар
буын, буын
ундесып, үндесіп
жуан, жуан
парызы, парызы
мукабаларынан, мұқабаларынан
тазара, тазара
руымызды, руымызды
руга, руға
бетперде, бетперде
жекеше, жекеше
саттен, сәттен
кулкыге, күлкіге
балпанак, балпанақ
кулмей, күлмей
урыспай, ұрыспай
зырылдатып, зырылдатып
жиналыс, жиналыс
жиылетуде, жиілетуде
акырындап, ақырындап
ыгыстырылуда, ығыстырылуда
гарышта, ғарышта
жолдастар, жолдастар
табыс, табыс
конбауы, қонбауы
даласында, даласында
ескерсек, ескерсек
аншысы, аңшысы
малшысы, малшысы
тушкырген, түшкірген
жарекымалда, жәрекімалда
аккас, аққас
танырым, тәңірім
жартысы, жартысы
шарап, шарап
аспап, аспап
туспалдау, тұспалдау
зияттын, зияттың
жиылыгыне, жиілігіне
ажырататын, ажырататын
байыргы, байырғы
козгаган, қозғаған
сойылын, сойылын
дерек, дерек
жактау, жақтау
ортагасырлык, ортағасырлық
тангалдым, таңғалдым
сайтанга, сайтанға
оркениетты, өркениетті
унгірден, үңгірден
тангаларлык, таңғаларлық
токкендер, төккендер
аулие, әулие
кус, құс
муйызтумсыкты, мүйізтұмсықты
кахарман, қаһарман
балакайлар, балақайлар
башкуртша, башқұртша
тармагынын, тармағының
мурагерлеры, мұрагерлері
кайсар, қайсар
санау, санау
раушан, раушан
арнамыздан, арнамыздан
сиырыныз, сиырыңыз
жануарларынын, жануарларының
лебызын, лебізін
дармек, дәрмек
дарумендер, дәрумендер
кеуденды, кеудеңді
араласпайды, араласпайды
муддесын, мүддесін
саби, сәби
курсак, құрсақ
кынырланып, қыңырланып
шартсыз, шартсыз
жубайым, жұбайым
сергек, сергек
ныгая, нығая
табушы, табушы
машыктардын, машықтардың
жумсалатынын, жұмсалатынын
калта, қалта
паш, паш
накыштагы, нақыштағы
буйымдар, бұйымдар
кешек, кешек
тамсанатынмын, тамсанатынмын
дарыптеп, дәріптеп
алан, алаң
колонер, қолөнер
алшысынан, алшысынан
кайнар, қайнар
шапандар, шапандар
сомкелер, сөмкелер
зергерлык, зергерлік
кумис, күміс
былезык, білезік
кошкар, қошқар
орамалдар, орамалдар
камзолдар, камзолдар
казакылыгымыз, қазақылығымыз
саркыншагы, сарқыншағы
бейымдесек, бейімдесек
жанашыры, жанашыры
аукымы, ауқымы
аукымды, ауқымды
шакыртуымен, шақыртуымен
хатшысы, хатшысы
мактау, мақтау
айрыкша, айрықша
мейлынше, мейлінше
ангартты, аңғартты
баяндама, баяндама
китапша, кітапша
зейнетке, зейнетке
ордаларында, ордаларында
мерейтойы, мерейтойы
аныктагыштар, анықтағыштар
аныктагыш, анықтағыш
аттеген, әттеген
ылгалдандыргыш, ылғалдандырғыш
талкыга, талқыға
кызгылт, қызғылт
сарапшылары, сарапшылары
улыбританияда, ұлыбританияда
мазакка, мазаққа
устаралар, ұстаралар
хош, хош
сусабын, сусабын
ерлердыкыне, ерлердікіне
расымен, расымен
карашада, қарашада
былтыргы, былтырғы